{"cameraMode":{"drawMode":0,"name":"Shaded","section":"Shading Mode"},"sceneLighting":false,"audioPlay":false,"sceneViewState":{"m_AlwaysRefresh":false,"showFog":false,"showSkybox":false,"showFlares":true,"showImageEffects":true,"showParticleSystems":true,"showVisualEffectGraphs":true,"m_FxEnabled":true},"in2DMode":false,"pivot":{"x":54.324310302734378,"y":0.6354852914810181,"z":-9.829737663269043},"rotation":{"x":-0.2554418444633484,"y":-0.009579694829881192,"z":0.0025136780459433796,"w":-0.9668060541152954},"size":4.620848178863525,"orthographic":false}