{"cameraMode":{"drawMode":0,"name":"Shaded","section":"Shading Mode"},"sceneLighting":false,"audioPlay":false,"sceneViewState":{"m_AlwaysRefresh":false,"showFog":false,"showSkybox":false,"showFlares":true,"showImageEffects":true,"showParticleSystems":true,"showVisualEffectGraphs":true,"m_FxEnabled":true},"in2DMode":false,"pivot":{"x":57.85443115234375,"y":15.619264602661133,"z":-8.324613571166993},"rotation":{"x":-0.2554418444633484,"y":-0.009579694829881192,"z":0.0025136780459433796,"w":-0.9668060541152954},"size":3.449068784713745,"orthographic":false}